user_id,first_name,last_name
1,Emily,Johnson
2,Michael,Williams
3,Sophia,Brown
4,James,Davis
5,Emma,Miller
6,Olivia,Wilson
7,Alexander,Jones
8,Ava,Taylor
9,Ethan,Martinez
10,Isabella,Anderson
11,Liam,Garcia
12,Mia,Rodriguez
13,Noah,Hernandez
14,Charlotte,Lopez
15,William,Gonzalez
16,Avery,Perez
17,Evelyn,Sanchez
18,Logan,Torres
19,Abigail,Rivera
20,Jackson,Evans
21,Madison,Collins
22,Elijah,Stewart
23,Chloe,Morales
24,Mateo,Nguyen
25,Harper,Kelly
26,Evelyn,Gonzalez
27,Daniel,Cook
28,Lily,Lee
29,Henry,Hill
30,Addison,Wright
31,Gabriel,Adams
32,Natalie,Harris
33,Carter,Baker
34,Sofia,Mitchell
35,Jack,Ward
36,Harper,Turner
37,Mason,Parker
38,Aria,Roberts
39,Lucas,Gray
40,Ella,Adams
41,Evan,Reed
42,Avery,Carter
43,Benjamin,Foster
44,Scarlett,Wright
45,Lincoln,Kelly
46,Hannah,Robinson
47,Nicholas,Bailey
48,Luna,Russell
49,Jacob,Cooper
50,Stella,Hughes
51,Eli,Bennett
52,Grace,Perry
53,Lucas,Gordon
54,Ava,Harrison
55,Owen,Fisher
56,Samantha,Howard
57,Nathan,Dixon
58,Bella,Grant
59,Ethan,Fletcher
60,Lillian,Simmons
61,Mason,Pearson
62,Leah,Henderson
63,Logan,Lawson
64,Avery,Barnes
65,Caleb,Perkins
66,Aria,Ferguson
67,Gabriel,Hayes
68,Layla,Sullivan
69,Christopher,West
70,Zoe,Nicholson
71,Nolan,Bryant
72,Victoria,McDonald
73,Max,Russell
74,Penelope,Harper
75,Ryan,Graham
76,Madeline,Simpson
77,Jonathan,Pierce
78,Eleanor,Tyler
79,Isaac,Lawrence
80,Hazel,Gardner
81,Austin,Hudson
82,Lillian,Bishop
83,Dylan,Wells
84,Aaliyah,Hanson
85,Cameron,Burke
86,Nora,Mills
87,Hunter,Gordon
88,Aubrey,Wagner
89,Brayden,Fleming
90,Scarlett,Bowman
91,Levi,Hicks
92,Autumn,Gomez
93,Julian,Newton
94,Ruby,Andrews
95,Miles,Stevenson
96,Aurora,Lawson
97,Oscar,Powers
98,Clara,Berry
99,Gavin,Stanley
100,Lila,Hudson
101,Alice,Smith
102,John,Doe
103,Emily,Brown
104,Michael,Johnson
105,Emma,Wilson
106,David,Martinez
107,Olivia,Anderson
108,James,Garcia
109,Sophia,Jones
110,Daniel,Taylor
111,Isabella,Jackson
112,Alexander,Hernandez
113,Mia,Miller
114,Ethan,Thompson
115,Charlotte,Davis
116,William,Lopez
117,Amelia,Perez
118,Benjamin,Wilson
119,Liam,Gonzalez
120,Evelyn,Walker
121,Ava,Harris
122,Liam,Smith
123,Harper,King
124,Noah,Lewis
125,Logan,Lee
126,Avery,Scott
127,Mason,Wright
128,Grace,Green
129,Lucas,Allen
130,Chloe,Roberts
131,Jackson,Morales
132,Zoe,Bennett
133,Carter,Rivera
134,Nora,Russell
135,Elijah,Cruz
136,Madison,Stewart
137,Gabriel,Bailey
138,Lily,Torres
139,Elijah,Hill
140,Hannah,Howard
141,Owen,Sullivan
142,Aria,Parker
143,Grayson,Coleman
144,Ella,Cook
145,Luke,Cooper
146,Leah,Hughes
147,Henry,Turner
148,Aurora,Barnes
149,Wyatt,Perry
150,Stella,Morris
151,Nathan,Reed
152,Paisley,Bell
153,Christian,Perez
154,Bella,Gonzalez
155,Nicholas,Edwards
156,Mila,Hernandez
157,Aaron,Cook
158,Aubrey,Gutierrez
159,Eli,Ward
160,Claire,Foster
161,James,Gonzales
162,Mateo,Bennett
163,Julian,James
164,Addison,Ward
165,Leo,Rivera
166,Elena,Long
167,Evan,Wright
168,Luna,Perez
169,Jaxon,Barnes
170,Penelope,King
171,Connor,Baker
172,Ariana,Ross
173,Asher,Scott
174,Sadie,Morales
175,Gabriel,Mitchell
176,Aaliyah,Martinez
177,Xavier,Wright
178,Savannah,Gomez
179,Tyler,Davis
180,Aurora,Rodriguez
181,Brandon,Collins
182,Ellie,Stewart
183,Cameron,Perez
184,Natalie,Price
185,Henry,Adams
186,Harper,Garcia
187,Zachary,Lee
188,Aria,Flores
189,Tristan,Scott
190,Leah,Gutierrez
191,Layla,Young
192,Nolan,Gonzalez
193,Hazel,Evans
194,Brayden,Hill
195,Violet,Roberts
196,Lucas,Ramirez
197,Eleanor,Collins
198,Max,Parker
199,Vivian,Carter
200,Adrian,Flores
201,Maya,Reed
202,Caleb,Nelson
203,Nova,Cooper
204,Mateo,Perez
205,Aubrey,Garcia
206,Elena,Baker
207,Jace,Smith
208,Samantha,Martinez
